{"feature": ["x", "y", "color"], "statistics": {"x": {"count": 336.0, "mean": 577.1050097804246, "std": 78.96734364055567, "min": 416.820261141392, "25%": 502.77574387007706, "50%": 605.3922867945287, "75%": 639.5348820462523, "max": 698.5410826464473}, "y": {"count": 336.0, "mean": 349.0114622141683, "std": 68.22525333309459, "min": 201.32880359556796, "25%": 288.3425890411076, "50%": 368.0695726386059, "75%": 400.95436779930264, "max": 472.0393039381411}, "color": {"count": 336.0, "mean": 0.9523809523809523, "std": 0.8163224692761191, "min": 0.0, "25%": 0.0, "50%": 1.0, "75%": 2.0, "max": 2.0}}, "plots": ["x_plot.png", "y_plot.png", "color_plot.png"], "insights": ["The feature 'x' is described as: INT", "The feature 'y' is described as: INT", "The feature 'color' is described as: INT"]}